Keyword,Primary Service,Intent,Target Country/Region,Priority,Search Platform,Notes
GEO consultant Malaysia,SEO/GEO,Commercial,Malaysia,HIGH,Google/Bing,Direct service keyword — Johor Bahru + KL searches
GEO consultant Singapore,SEO/GEO,Commercial,Singapore,HIGH,Google/Bing,High commercial value market
GEO consultant Philippines,SEO/GEO,Commercial,Philippines,MEDIUM,Google/Bing,Ronnel's home country — personal authority
GEO consultant APAC,SEO/GEO,Commercial,APAC,HIGH,Google/Bing,Broad regional keyword
generative engine optimization Malaysia,SEO/GEO,Informational + Commercial,Malaysia,HIGH,Google/Bing,Cornerstone keyword — GEO Explained page
generative engine optimization consultant,SEO/GEO,Commercial,Global,HIGH,Google/Bing,Global intent — services page
generative engine optimization agency APAC,SEO/GEO,Commercial,APAC,MEDIUM,Google/Bing,Agency-level keyword
what is GEO optimization,SEO/GEO,Informational,Global,HIGH,Google/Bing,Cornerstone — blog post target
GEO specialist Malaysia,SEO/GEO,Commercial,Malaysia,HIGH,Google/Bing,Variation on GEO consultant
GEO specialist Singapore,SEO/GEO,Commercial,Singapore,HIGH,Google/Bing,Singapore market
AI visibility consultant Malaysia,SEO/GEO,Commercial,Malaysia,HIGH,Google/Bing,AI-first search positioning
AI visibility consultant Singapore,SEO/GEO,Commercial,Singapore,HIGH,Google/Bing,
AI visibility specialist APAC,SEO/GEO,Commercial,APAC,HIGH,Google/Bing,
AI search optimization Malaysia,SEO/GEO,Commercial,Malaysia,HIGH,Google/Bing,
AI search optimization consultant,SEO/GEO,Commercial,Global,MEDIUM,Google/Bing,
how to appear in ChatGPT search results,SEO/GEO,Informational,Global,HIGH,Google/Bing,Blog post / GEO Explained target
how to get cited by ChatGPT,SEO/GEO,Informational,Global,HIGH,Google/Bing,High search intent — blog content
how to appear in Perplexity AI search,SEO/GEO,Informational,Global,HIGH,Google/Bing,
how to rank in AI search engines,SEO/GEO,Informational,Global,HIGH,Google/Bing,GEO Explained cornerstone
Google AI Overviews optimization,SEO/GEO,Informational + Commercial,Global,HIGH,Google/Bing,AEO/GEO overlap
AI Overviews SEO consultant,SEO/GEO,Commercial,Global,MEDIUM,Google/Bing,
SEO consultant Malaysia,SEO/GEO,Commercial,Malaysia,HIGH,Google/Bing,Core SEO service keyword
SEO consultant Johor Bahru,SEO/GEO,Commercial,Malaysia,HIGH,Google/Bing,Local SEO — primary city
SEO consultant Singapore,SEO/GEO,Commercial,Singapore,HIGH,Google/Bing,
SEO consultant Philippines,SEO/GEO,Commercial,Philippines,MEDIUM,Google/Bing,
SEO consultant APAC,SEO/GEO,Commercial,APAC,MEDIUM,Google/Bing,
SEO GEO agency Malaysia,SEO/GEO,Commercial,Malaysia,HIGH,Google/Bing,Agency-level broad keyword
SEO GEO agency Singapore,SEO/GEO,Commercial,Singapore,HIGH,Google/Bing,
digital marketing consultant Johor Bahru,SEO/GEO,Commercial,Malaysia,MEDIUM,Google/Bing,Broad digital marketing intent
free AI visibility audit Malaysia,SEO/GEO,Transactional,Malaysia,HIGH,Google/Bing,CTA-aligned keyword — Contact page
free GEO audit Singapore,SEO/GEO,Transactional,Singapore,HIGH,Google/Bing,
AEO consultant Malaysia,SEO/GEO,Commercial,Malaysia,MEDIUM,Google/Bing,Answer Engine Optimization
answer engine optimization Malaysia,SEO/GEO,Commercial + Informational,Malaysia,MEDIUM,Google/Bing,
Share of AI Voice,SEO/GEO,Informational,Global,MEDIUM,Google/Bing,GEO metric keyword — blog target
llms.txt guide,SEO/GEO,Informational,Global,MEDIUM,Google/Bing,Technical GEO — blog content
robots.txt AI crawlers,SEO/GEO,Informational,Global,HIGH,Google/Bing,Existing blog post target
GPTBot robots.txt,SEO/GEO,Informational,Global,MEDIUM,Google/Bing,Technical keyword
E-E-A-T optimization Malaysia,SEO/GEO,Commercial + Informational,Malaysia,MEDIUM,Google/Bing,
structured data consultant Malaysia,SEO/GEO,Commercial,Malaysia,MEDIUM,Google/Bing,JSON-LD service
JSON-LD schema implementation,SEO/GEO,Commercial + Informational,Global,MEDIUM,Google/Bing,
AI automation specialist Malaysia,AI Automation,Commercial,Malaysia,HIGH,Google/Bing,Core AI automation keyword
AI automation specialist Singapore,AI Automation,Commercial,Singapore,HIGH,Google/Bing,
AI automation specialist Philippines,AI Automation,Commercial,Philippines,MEDIUM,Google/Bing,
AI automation consultant APAC,AI Automation,Commercial,APAC,HIGH,Google/Bing,
n8n consultant Malaysia,AI Automation,Commercial,Malaysia,HIGH,Google/Bing,n8n is growing fast in SEA
n8n consultant Singapore,AI Automation,Commercial,Singapore,HIGH,Google/Bing,
n8n automation Malaysia,AI Automation,Commercial + Informational,Malaysia,HIGH,Google/Bing,
n8n workflow automation,AI Automation,Informational + Commercial,Global,HIGH,Google/Bing,
n8n vs Zapier,AI Automation,Informational,Global,MEDIUM,Google/Bing,Comparison content opportunity
workflow automation consultant Malaysia,AI Automation,Commercial,Malaysia,HIGH,Google/Bing,
workflow automation consultant Singapore,AI Automation,Commercial,Singapore,HIGH,Google/Bing,
workflow integration specialist APAC,AI Automation,Commercial,APAC,MEDIUM,Google/Bing,
business automation consultant Malaysia,AI Automation,Commercial,Malaysia,HIGH,Google/Bing,
AI chatbot development Malaysia,AI Automation,Commercial,Malaysia,HIGH,Google/Bing,
AI chatbot development Singapore,AI Automation,Commercial,Singapore,HIGH,Google/Bing,
custom chatbot Malaysia,AI Automation,Commercial,Malaysia,MEDIUM,Google/Bing,
voice AI agent Malaysia,AI Automation,Commercial,Malaysia,MEDIUM,Google/Bing,
voice AI agent Singapore,AI Automation,Commercial,Singapore,MEDIUM,Google/Bing,
LLM integration consultant,AI Automation,Commercial,Global,MEDIUM,Google/Bing,
Claude API integration Malaysia,AI Automation,Commercial,Malaysia,MEDIUM,Google/Bing,
GPT-4 integration consultant,AI Automation,Commercial,Global,MEDIUM,Google/Bing,
AI workflow integration Singapore,AI Automation,Commercial,Singapore,HIGH,Google/Bing,
reduce operational costs AI automation,AI Automation,Commercial + Informational,Global,MEDIUM,Google/Bing,
document AI automation Malaysia,AI Automation,Commercial,Malaysia,LOW,Google/Bing,
Telegram bot automation Malaysia,AI Automation,Commercial,Malaysia,MEDIUM,Google/Bing,
Google Sheets automation n8n,AI Automation,Informational,Global,MEDIUM,Google/Bing,Blog content opportunity
AIDC consultant APAC,AIDC,Commercial,APAC,HIGH,Google/Bing,Core AIDC keyword
AIDC specialist Malaysia,AIDC,Commercial,Malaysia,HIGH,Google/Bing,
AIDC specialist Singapore,AIDC,Commercial,Singapore,HIGH,Google/Bing,
barcode system Malaysia,AIDC,Commercial,Malaysia,HIGH,Google/Bing,
barcode system Singapore,AIDC,Commercial,Singapore,HIGH,Google/Bing,
RFID system integrator Malaysia,AIDC,Commercial,Malaysia,MEDIUM,Google/Bing,
RFID system integrator Singapore,AIDC,Commercial,Singapore,MEDIUM,Google/Bing,
RFID system integrator Philippines,AIDC,Commercial,Philippines,MEDIUM,Google/Bing,
ID card printer Malaysia,AIDC,Commercial,Malaysia,HIGH,Google/Bing,High commercial volume
ID card printer Singapore,AIDC,Commercial,Singapore,HIGH,Google/Bing,
ID card printer Philippines,AIDC,Commercial,Philippines,MEDIUM,Google/Bing,
ID card personalization Malaysia,AIDC,Commercial,Malaysia,HIGH,Google/Bing,
ID card personalization Singapore,AIDC,Commercial,Singapore,HIGH,Google/Bing,
Matica card printer support Malaysia,AIDC,Commercial,Malaysia,HIGH,Google/Bing,Brand-specific — Ronnel's expertise
Matica card printer support Singapore,AIDC,Commercial,Singapore,HIGH,Google/Bing,
Matica card printer APAC distributor,AIDC,Commercial,APAC,MEDIUM,Google/Bing,
Zebra card printer Malaysia,AIDC,Commercial,Malaysia,MEDIUM,Google/Bing,Competitor brand — Ronnel knows both
barcode scanner Malaysia,AIDC,Commercial,Malaysia,MEDIUM,Google/Bing,
automatic identification data capture Malaysia,AIDC,Informational + Commercial,Malaysia,LOW,Google/Bing,Long-tail informational
card issuance system Malaysia,AIDC,Commercial,Malaysia,MEDIUM,Google/Bing,
card issuance system Singapore,AIDC,Commercial,Singapore,MEDIUM,Google/Bing,
RFID asset tracking Malaysia,AIDC,Commercial,Malaysia,MEDIUM,Google/Bing,
government ID card system Malaysia,AIDC,Commercial,Malaysia,LOW,Google/Bing,Sensitive — position carefully
secure card personalization APAC,AIDC,Commercial,APAC,MEDIUM,Google/Bing,
NLP coach Malaysia,NLP Coaching,Commercial,Malaysia,HIGH,Google/Bing,Core NLP keyword
NLP coach Singapore,NLP Coaching,Commercial,Singapore,HIGH,Google/Bing,
NLP coach Philippines,NLP Coaching,Commercial,Philippines,MEDIUM,Google/Bing,
NLP coaching Malaysia,NLP Coaching,Commercial,Malaysia,HIGH,Google/Bing,
NLP practitioner Malaysia,NLP Coaching,Commercial,Malaysia,HIGH,Google/Bing,
ABNLP certified coach Malaysia,NLP Coaching,Commercial,Malaysia,HIGH,Google/Bing,Certification-specific keyword
NLP master practitioner Malaysia,NLP Coaching,Commercial,Malaysia,HIGH,Google/Bing,
NLP master practitioner Singapore,NLP Coaching,Commercial,Singapore,MEDIUM,Google/Bing,
business NLP coaching Malaysia,NLP Coaching,Commercial,Malaysia,MEDIUM,Google/Bing,
corporate NLP workshop Malaysia,NLP Coaching,Commercial,Malaysia,MEDIUM,Google/Bing,
corporate NLP workshop Singapore,NLP Coaching,Commercial,Singapore,MEDIUM,Google/Bing,
NLP for leadership Malaysia,NLP Coaching,Commercial,Malaysia,MEDIUM,Google/Bing,
what is NLP coaching,NLP Coaching,Informational,Global,MEDIUM,Google/Bing,Blog content opportunity
NLP belief reprogramming Malaysia,NLP Coaching,Commercial,Malaysia,LOW,Google/Bing,Niche but specific
peak performance coaching Malaysia,NLP Coaching,Commercial,Malaysia,MEDIUM,Google/Bing,Broader appeal keyword
Ronnel Besagre,Brand,Navigational,Global,HIGH,Google/Bing,Personal brand — reputation management
Ronnel Besagre GEO consultant,Brand,Navigational,Global,HIGH,Google/Bing,
Ronnel Besagre AI automation,Brand,Navigational,Global,MEDIUM,Google/Bing,
ronnelbesagre.com,Brand,Navigational,Global,HIGH,Google/Bing,
GetOutLoop,Brand,Navigational,Global,HIGH,Google/Bing,Agency brand associated with Ronnel
GEO agency Malaysia,Brand/Service,Commercial,Malaysia,HIGH,Google/Bing,GetOutLoop + Ronnel association
